cap;branch
00010;Roma Aurelia
00011;Roma Nomentana
00012;Roma Nomentana
00013;Roma Nomentana
00015;Roma Nomentana
00017;Roma Nomentana
00018;Roma Nomentana
00019;Roma Nomentana
00020;Roma Aurelia
00021;Roma Aurelia
00022;Roma Nomentana
00023;Roma Nomentana
00024;Roma Nomentana
00025;Roma Aurelia
00026;Roma Nomentana
00027;Roma Nomentana
00028;Roma Aurelia
00029;Roma Nomentana
00030;Roma Aurelia
00031;Roma Aurelia
00032;Roma Aurelia
00033;Roma Aurelia
00034;Roma Aurelia
00035;Roma Aurelia
00036;Roma Aurelia
00037;Roma Aurelia
00038;Roma Aurelia
00039;Roma Aurelia
00040;Roma Aurelia
00041;Roma Aurelia
00042;Roma Aurelia
00043;Roma Aurelia
00044;Roma Aurelia
00045;Roma Aurelia
00046;Roma Aurelia
00047;Roma Aurelia
00048;Roma Aurelia
00049;Roma Aurelia
00050;Roma Aurelia
00051;Roma Aurelia
00052;Roma Aurelia
00053;Roma Aurelia
00054;Roma Aurelia
00055;Roma Aurelia
00057;Roma Aurelia
00058;Roma Aurelia
00059;Roma Aurelia
00060;Roma Nomentana
00061;Roma Nomentana
00062;Roma Nomentana
00063;Roma Nomentana
00065;Roma Nomentana
00066;Roma Nomentana
00067;Roma Nomentana
00068;Roma Nomentana
00069;Roma Nomentana
00071;Roma Aurelia
00072;Roma Aurelia
00073;Roma Aurelia
00074;Roma Aurelia
00075;Roma Aurelia
00076;Roma Aurelia
00077;Roma Aurelia
00078;Roma Aurelia
00079;Roma Aurelia
00100;Roma Aurelia
00118;Roma Aurelia
00119;Roma Aurelia
00120;Roma Aurelia
00121;Roma Aurelia
00122;Roma Aurelia
00123;Roma Nomentana
00124;Roma Aurelia
00125;Roma Aurelia
00126;Roma Aurelia
00127;Roma Aurelia
00128;Roma Aurelia
00129;Roma Aurelia
00130;Roma Nomentana
00131;Roma Nomentana
00132;Roma Nomentana
00133;Roma Nomentana
00134;Roma Aurelia
00135;Roma Nomentana
00136;Roma Aurelia
00137;Roma Nomentana
00138;Roma Nomentana
00139;Roma Nomentana
00140;Roma Nomentana
00141;Roma Nomentana
00142;Roma Aurelia
00143;Roma Aurelia
00144;Roma Aurelia
00145;Roma Aurelia
00146;Roma Aurelia
00147;Roma Aurelia
00148;Roma Aurelia
00149;Roma Aurelia
00150;Roma Aurelia
00151;Roma Aurelia
00152;Roma Aurelia
00153;Roma Aurelia
00154;Roma Aurelia
00155;Roma Nomentana
00156;Roma Nomentana
00157;Roma Nomentana
00158;Roma Nomentana
00159;Roma Nomentana
00160;Roma Nomentana
00161;Roma Nomentana
00162;Roma Nomentana
00163;Roma Aurelia
00164;Roma Aurelia
00165;Roma Aurelia
00166;Roma Aurelia
00167;Roma Aurelia
00168;Roma Aurelia
00169;Roma Aurelia
00170;Roma Nomentana
00171;Roma Nomentana
00172;Roma Nomentana
00173;Roma Aurelia
00174;Roma Aurelia
00175;Roma Aurelia
00176;Roma Nomentana
00177;Roma Nomentana
00178;Roma Aurelia
00179;Roma Aurelia
00180;Roma Aurelia
00181;Roma Aurelia
00182;Roma Aurelia
00183;Roma Aurelia
00184;Roma Aurelia
00185;Roma Nomentana
00186;Roma Aurelia
00187;Roma Aurelia
00188;Roma Nomentana
00189;Roma Nomentana
00190;Roma Nomentana
00191;Roma Nomentana
00192;Roma Aurelia
00193;Roma Aurelia
00194;Roma Aurelia
00195;Roma Aurelia
00196;Roma Nomentana
00197;Roma Nomentana
00198;Roma Nomentana
00199;Roma Nomentana
01010;Roma Nomentana
01011;Roma Nomentana
01012;Roma Nomentana
01014;Roma Nomentana
01015;Roma Nomentana
01016;Roma Nomentana
01017;Roma Nomentana
01018;Roma Nomentana
01019;Roma Nomentana
01020;Roma Nomentana
01021;Roma Nomentana
01022;Roma Nomentana
01023;Roma Nomentana
01024;Roma Nomentana
01025;Roma Nomentana
01027;Roma Nomentana
01028;Roma Nomentana
01029;Roma Nomentana
01030;Roma Nomentana
01032;Roma Nomentana
01033;Roma Nomentana
01034;Roma Nomentana
01035;Roma Nomentana
01036;Roma Nomentana
01037;Roma Nomentana
01038;Roma Nomentana
01039;Roma Nomentana
01100;Roma Nomentana
02010;Roma Nomentana
02011;Roma Nomentana
02012;Roma Nomentana
02013;Roma Nomentana
02014;Roma Nomentana
02015;Roma Nomentana
02016;Roma Nomentana
02018;Roma Nomentana
02019;Roma Nomentana
02020;Roma Nomentana
02021;Roma Nomentana
02022;Roma Nomentana
02023;Roma Nomentana
02024;Roma Nomentana
02025;Roma Nomentana
02026;Roma Nomentana
02030;Roma Nomentana
02031;Roma Nomentana
02032;Roma Nomentana
02033;Roma Nomentana
02034;Roma Nomentana
02035;Roma Nomentana
02036;Roma Nomentana
02037;Roma Nomentana
02038;Roma Nomentana
02039;Roma Nomentana
02040;Roma Nomentana
02041;Roma Nomentana
02042;Roma Nomentana
02043;Roma Nomentana
02044;Roma Nomentana
02045;Roma Nomentana
02046;Roma Nomentana
02047;Roma Nomentana
02048;Roma Nomentana
02049;Roma Nomentana
02100;Roma Nomentana
03010;Frosinone
03011;Frosinone
03012;Frosinone
03013;Frosinone
03014;Frosinone
03016;Frosinone
03017;Frosinone
03018;Frosinone
03019;Frosinone
03020;Frosinone
03021;Frosinone
03022;Frosinone
03023;Frosinone
03024;Frosinone
03025;Frosinone
03026;Frosinone
03027;Frosinone
03028;Frosinone
03029;Frosinone
03030;Frosinone
03031;Frosinone
03032;Frosinone
03033;Frosinone
03034;Frosinone
03035;Frosinone
03036;Frosinone
03037;Frosinone
03038;Frosinone
03039;Frosinone
03040;Frosinone
03041;Frosinone
03042;Frosinone
03043;Frosinone
03044;Frosinone
03045;Frosinone
03046;Frosinone
03047;Frosinone
03048;Frosinone
03049;Frosinone
03100;Frosinone
04010;Frosinone
04011;Roma Aurelia
04012;Roma Aurelia
04013;Frosinone
04014;Frosinone
04015;Frosinone
04016;Frosinone
04017;Frosinone
04018;Frosinone
04019;Frosinone
04020;Frosinone
04021;Frosinone
04022;Frosinone
04023;Frosinone
04024;Frosinone
04025;Frosinone
04026;Frosinone
04027;Frosinone
04028;Frosinone
04029;Frosinone
04031;Frosinone
04072;Frosinone
04100;Frosinone
05010;Perugia
05011;Perugia
05012;Perugia
05013;Perugia
05014;Perugia
05015;Perugia
05016;Perugia
05017;Perugia
05018;Perugia
05020;Perugia
05021;Perugia
05022;Perugia
05023;Perugia
05024;Perugia
05025;Perugia
05026;Perugia
05027;Perugia
05028;Perugia
05029;Perugia
05030;Perugia
05031;Perugia
05032;Perugia
05034;Perugia
05035;Perugia
05039;Perugia
05100;Perugia
06010;Perugia
06012;Perugia
06014;Perugia
06015;Perugia
06016;Perugia
06019;Perugia
06021;Perugia
06022;Perugia
06023;Perugia
06024;Perugia
06025;Perugia
06026;Perugia
06027;Perugia
06028;Perugia
06029;Perugia
06030;Perugia
06031;Perugia
06033;Perugia
06034;Perugia
06035;Perugia
06036;Perugia
06038;Perugia
06039;Perugia
06040;Perugia
06041;Perugia
06042;Perugia
06043;Perugia
06044;Perugia
06045;Perugia
06046;Perugia
06047;Perugia
06049;Perugia
06050;Perugia
06053;Perugia
06054;Perugia
06055;Perugia
06056;Perugia
06057;Perugia
06059;Perugia
06060;Perugia
06061;Perugia
06062;Perugia
06063;Perugia
06064;Perugia
06065;Perugia
06066;Perugia
06069;Perugia
06073;Perugia
06081;Perugia
06083;Perugia
06084;Perugia
06089;Perugia
06121;Perugia
06122;Perugia
06123;Perugia
06124;Perugia
06125;Perugia
06126;Perugia
06127;Perugia
06128;Perugia
06129;Perugia
06130;Perugia
06131;Perugia
06132;Perugia
06133;Perugia
06134;Perugia
06135;Perugia
07010;Sassari
07011;Sassari
07012;Sassari
07013;Sassari
07014;Sassari
07015;Sassari
07016;Sassari
07017;Sassari
07018;Sassari
07019;Sassari
07020;Sassari
07021;Sassari
07022;Sassari
07023;Sassari
07024;Sassari
07025;Sassari
07026;Sassari
07027;Sassari
07028;Sassari
07029;Sassari
07030;Sassari
07031;Sassari
07032;Sassari
07033;Sassari
07034;Sassari
07035;Sassari
07036;Sassari
07037;Sassari
07038;Sassari
07039;Sassari
07040;Sassari
07041;Sassari
07043;Sassari
07044;Sassari
07045;Sassari
07046;Sassari
07047;Sassari
07048;Sassari
07049;Sassari
07051;Sassari
07052;Sassari
07100;Sassari
08010;Sassari
08011;Sassari
08012;Sassari
08013;Sassari
08015;Sassari
08016;Sassari
08017;Sassari
08018;Sassari
08019;Sassari
08020;Sassari
08021;Sassari
08022;Sassari
08023;Sassari
08024;Sassari
08025;Sassari
08026;Sassari
08027;Sassari
08028;Sassari
08029;Sassari
08030;Cagliari
08031;Sassari
08032;Sassari
08033;Cagliari
08034;Cagliari
08035;Cagliari
08036;Sassari
08037;Sassari
08038;Sassari
08039;Sassari
08040;Sassari
08042;Cagliari
08043;Cagliari
08044;Cagliari
08045;Cagliari
08046;Cagliari
08047;Cagliari
08048;Sassari
08049;Cagliari
08100;Sassari
09010;Cagliari
09011;Cagliari
09012;Cagliari
09013;Cagliari
09014;Cagliari
09015;Cagliari
09016;Cagliari
09017;Cagliari
09018;Cagliari
09019;Cagliari
09020;Cagliari
09021;Cagliari
09022;Cagliari
09023;Cagliari
09024;Cagliari
09025;Cagliari
09026;Cagliari
09027;Cagliari
09028;Cagliari
09029;Cagliari
09030;Cagliari
09031;Cagliari
09032;Cagliari
09033;Cagliari
09034;Cagliari
09035;Cagliari
09036;Cagliari
09037;Cagliari
09038;Cagliari
09039;Cagliari
09040;Cagliari
09041;Cagliari
09042;Cagliari
09043;Cagliari
09044;Cagliari
09045;Cagliari
09047;Cagliari
09048;Cagliari
09049;Cagliari
09050;Cagliari
09051;Cagliari
09052;Cagliari
09053;Cagliari
09054;Cagliari
09055;Cagliari
09056;Cagliari
09057;Cagliari
09058;Cagliari
09059;Cagliari
09060;Cagliari
09061;Cagliari
09062;Cagliari
09063;Cagliari
09064;Cagliari
09065;Cagliari
09066;Cagliari
09067;Cagliari
09068;Cagliari
09069;Cagliari
09070;Sassari
09071;Sassari
09072;Cagliari
09073;Sassari
09074;Sassari
09075;Sassari
09076;Sassari
09077;Cagliari
09078;Sassari
09079;Sassari
09080;Cagliari
09081;Sassari
09082;Sassari
09083;Sassari
09084;Sassari
09085;Cagliari
09086;Cagliari
09088;Cagliari
09089;Sassari
09090;Cagliari
09091;Cagliari
09092;Cagliari
09093;Cagliari
09094;Cagliari
09095;Cagliari
09096;Cagliari
09097;Cagliari
09098;Cagliari
09099;Cagliari
09100;Cagliari
09121;Cagliari
09122;Cagliari
09123;Cagliari
09124;Cagliari
09125;Cagliari
09126;Cagliari
09127;Cagliari
09128;Cagliari
09129;Cagliari
09130;Cagliari
09131;Cagliari
09132;Cagliari
09133;Cagliari
09134;Cagliari
09170;Cagliari
10010;Torino
10011;Torino
10012;Torino
10013;Torino
10014;Torino
10015;Torino
10016;Torino
10017;Torino
10018;Torino
10019;Torino
10020;Torino
10021;Torino
10022;Torino
10023;Torino
10024;Torino
10025;Torino
10026;Torino
10028;Torino
10029;Torino
10030;Torino
10031;Torino
10032;Torino
10034;Torino
10035;Torino
10036;Torino
10037;Torino
10038;Torino
10039;Torino
10040;Torino
10041;Torino
10042;Torino
10043;Torino
10044;Torino
10045;Torino
10046;Torino
10048;Torino
10050;Torino
10051;Torino
10052;Torino
10053;Torino
10054;Torino
10055;Torino
10056;Torino
10057;Torino
10058;Torino
10059;Torino
10060;Torino
10061;Torino
10062;Torino
10063;Torino
10064;Torino
10065;Torino
10066;Torino
10067;Torino
10068;Torino
10069;Torino
10070;Torino
10071;Torino
10072;Torino
10073;Torino
10074;Torino
10075;Torino
10076;Torino
10077;Torino
10078;Torino
10079;Torino
10080;Torino
10081;Torino
10082;Torino
10083;Torino
10084;Torino
10085;Torino
10086;Torino
10087;Torino
10088;Torino
10089;Torino
10090;Torino
10091;Torino
10092;Torino
10093;Torino
10094;Torino
10095;Torino
10098;Torino
10099;Torino
10100;Torino
10121;Torino
10122;Torino
10123;Torino
10124;Torino
10125;Torino
10126;Torino
10127;Torino
10128;Torino
10129;Torino
10130;Torino
10131;Torino
10132;Torino
10133;Torino
10134;Torino
10135;Torino
10136;Torino
10137;Torino
10138;Torino
10139;Torino
10140;Torino
10141;Torino
10142;Torino
10143;Torino
10144;Torino
10145;Torino
10146;Torino
10147;Torino
10148;Torino
10149;Torino
10150;Torino
10151;Torino
10152;Torino
10153;Torino
10154;Torino
10155;Torino
10156;Torino
11010;Torino
11011;Torino
11012;Torino
11013;Torino
11014;Torino
11015;Torino
11016;Torino
11017;Torino
11018;Torino
11020;Torino
11021;Torino
11022;Torino
11023;Torino
11024;Torino
11025;Torino
11026;Torino
11027;Torino
11028;Torino
11029;Torino
11100;Torino
12010;Cuneo
12011;Cuneo
12012;Cuneo
12013;Cuneo
12014;Cuneo
12015;Cuneo
12016;Cuneo
12017;Cuneo
12018;Cuneo
12019;Cuneo
12020;Cuneo
12021;Cuneo
12022;Cuneo
12023;Cuneo
12024;Cuneo
12025;Cuneo
12026;Cuneo
12027;Cuneo
12028;Cuneo
12029;Cuneo
12030;Cuneo
12031;Cuneo
12032;Cuneo
12033;Cuneo
12034;Cuneo
12035;Cuneo
12036;Cuneo
12037;Cuneo
12038;Cuneo
12039;Cuneo
12040;Cuneo
12041;Cuneo
12042;Cuneo
12043;Cuneo
12044;Cuneo
12045;Cuneo
12046;Cuneo
12047;Cuneo
12048;Cuneo
12049;Cuneo
12050;Cuneo
12051;Cuneo
12052;Cuneo
12053;Cuneo
12054;Cuneo
12055;Cuneo
12056;Cuneo
12058;Cuneo
12060;Cuneo
12061;Cuneo
12062;Cuneo
12063;Cuneo
12064;Cuneo
12065;Cuneo
12066;Cuneo
12068;Cuneo
12069;Cuneo
12070;Cuneo
12071;Cuneo
12072;Cuneo
12073;Cuneo
12074;Cuneo
12075;Cuneo
12076;Cuneo
12077;Cuneo
12078;Cuneo
12079;Cuneo
12080;Cuneo
12081;Cuneo
12082;Cuneo
12083;Cuneo
12084;Cuneo
12087;Cuneo
12088;Cuneo
12089;Cuneo
12100;Cuneo
13010;Torino
13011;Torino
13012;Torino
13017;Torino
13018;Torino
13019;Torino
13020;Torino
13021;Torino
13022;Torino
13023;Torino
13024;Torino
13025;Torino
13026;Torino
13027;Torino
13028;Torino
13029;Torino
13030;Torino
13031;Torino
13032;Torino
13033;Torino
13034;Torino
13035;Torino
13036;Torino
13037;Torino
13038;Torino
13039;Torino
13040;Torino
13041;Torino
13043;Torino
13044;Torino
13045;Torino
13046;Torino
13047;Torino
13048;Torino
13049;Torino
13060;Torino
13100;Torino
13811;Torino
13812;Torino
13814;Torino
13815;Torino
13816;Torino
13817;Torino
13818;Torino
13821;Torino
13822;Torino
13823;Torino
13824;Torino
13825;Torino
13831;Torino
13833;Torino
13834;Torino
13835;Torino
13836;Torino
13841;Torino
13843;Torino
13844;Torino
13845;Torino
13847;Torino
13848;Torino
13851;Torino
13852;Torino
13853;Torino
13854;Torino
13855;Torino
13856;Torino
13861;Torino
13862;Torino
13863;Torino
13864;Torino
13865;Torino
13866;Torino
13867;Torino
13868;Torino
13871;Torino
13872;Torino
13873;Torino
13874;Torino
13875;Torino
13876;Torino
13877;Torino
13878;Torino
13881;Torino
13882;Torino
13883;Torino
13884;Torino
13885;Torino
13886;Torino
13887;Torino
13888;Torino
13891;Torino
13893;Torino
13894;Torino
13895;Torino
13896;Torino
13897;Torino
13898;Torino
13899;Torino
13900;Torino
14010;Torino
14011;Torino
14012;Torino
14013;Torino
14014;Torino
14015;Torino
14016;Torino
14017;Torino
14018;Torino
14019;Torino
14020;Torino
14021;Torino
14022;Torino
14023;Torino
14024;Torino
14025;Torino
14026;Torino
14030;Torino
14031;Torino
14032;Torino
14033;Torino
14034;Torino
14035;Torino
14036;Torino
14037;Torino
14039;Torino
14040;Cuneo
14041;Cuneo
14042;Cuneo
14043;Cuneo
14044;Cuneo
14045;Cuneo
14046;Cuneo
14047;Cuneo
14048;Cuneo
14049;Cuneo
14050;Cuneo
14051;Cuneo
14052;Cuneo
14053;Cuneo
14054;Cuneo
14055;Cuneo
14057;Cuneo
14058;Cuneo
14059;Cuneo
14100;Torino
15010;Genova
15011;Genova
15012;Genova
15013;Genova
15015;Genova
15016;Genova
15017;Genova
15018;Genova
15019;Genova
15020;Torino
15021;Torino
15022;Milano Sud
15023;Milano Sud
15024;Milano Sud
15025;Torino
15026;Milano Sud
15027;Torino
15028;Milano Sud
15029;Milano Sud
15030;Torino
15031;Torino
15032;Milano Sud
15033;Torino
15034;Torino
15035;Torino
15036;Milano Sud
15037;Milano Sud
15038;Torino
15039;Torino
15040;Milano Sud
15041;Torino
15042;Milano Sud
15043;Milano Sud
15044;Milano Sud
15045;Milano Sud
15046;Milano Sud
15047;Milano Sud
15048;Milano Sud
15049;Torino
15050;Milano Sud
15051;Milano Sud
15052;Milano Sud
15053;Milano Sud
15054;Milano Sud
15055;Milano Sud
15056;Milano Sud
15057;Milano Sud
15058;Milano Sud
15059;Milano Sud
15060;Genova
15061;Genova
15062;Milano Sud
15063;Genova
15064;Genova
15065;Milano Sud
15066;Genova
15067;Genova
15068;Genova
15069;Genova
15070;Genova
15071;Genova
15072;Milano Sud
15073;Milano Sud
15074;Genova
15075;Genova
15076;Genova
15077;Genova
15078;Genova
15079;Genova
15100;Torino
15121;Milano Sud
15122;Milano Sud
16010;Genova
16011;Genova
16012;Genova
16013;Genova
16014;Genova
16015;Genova
16016;Genova
16017;Genova
16018;Genova
16019;Genova
16020;Genova
16021;Genova
16022;Genova
16023;Genova
16024;Genova
16025;Genova
16026;Genova
16027;Genova
16028;Genova
16029;Genova
16030;Genova
16031;Genova
16032;Genova
16033;Genova
16034;Genova
16035;Genova
16036;Genova
16037;Genova
16038;Genova
16039;Genova
16040;Genova
16041;Genova
16042;Genova
16043;Genova
16044;Genova
16045;Genova
16046;Genova
16047;Genova
16048;Genova
16049;Genova
16100;Genova
16121;Genova
16122;Genova
16123;Genova
16124;Genova
16125;Genova
16126;Genova
16127;Genova
16128;Genova
16129;Genova
16130;Genova
16131;Genova
16132;Genova
16133;Genova
16134;Genova
16135;Genova
16136;Genova
16137;Genova
16138;Genova
16139;Genova
16140;Genova
16141;Genova
16142;Genova
16143;Genova
16144;Genova
16145;Genova
16146;Genova
16147;Genova
16148;Genova
16149;Genova
16150;Genova
16151;Genova
16152;Genova
16153;Genova
16154;Genova
16155;Genova
16156;Genova
16157;Genova
16158;Genova
16159;Genova
16160;Genova
16161;Genova
16162;Genova
16163;Genova
16164;Genova
16165;Genova
16166;Genova
16167;Genova
17010;Albenga
17011;Albenga
17012;Albenga
17013;Albenga
17014;Albenga
17015;Albenga
17017;Albenga
17019;Albenga
17020;Albenga
17021;Albenga
17022;Albenga
17023;Albenga
17024;Albenga
17025;Albenga
17026;Albenga
17027;Albenga
17028;Albenga
17030;Albenga
17031;Albenga
17032;Albenga
17033;Albenga
17034;Albenga
17035;Albenga
17037;Albenga
17038;Albenga
17039;Albenga
17040;Albenga
17041;Albenga
17042;Albenga
17043;Albenga
17044;Albenga
17045;Albenga
17046;Albenga
17047;Albenga
17048;Albenga
17051;Albenga
17052;Albenga
17053;Albenga
17054;Albenga
17055;Albenga
17056;Albenga
17057;Albenga
17058;Albenga
17100;Albenga
18010;Albenga
18011;Albenga
18012;Albenga
18013;Albenga
18014;Albenga
18015;Albenga
18016;Albenga
18017;Albenga
18018;Albenga
18019;Albenga
18020;Albenga
18021;Albenga
18022;Albenga
18023;Albenga
18024;Albenga
18025;Cuneo
18026;Albenga
18027;Albenga
18028;Albenga
18030;Albenga
18031;Albenga
18032;Albenga
18033;Albenga
18034;Albenga
18035;Albenga
18036;Albenga
18037;Albenga
18038;Albenga
18039;Albenga
18100;Albenga
19010;Lucca
19011;Lucca
19012;Lucca
19013;Lucca
19014;Lucca
19015;Lucca
19016;Lucca
19017;Lucca
19018;Lucca
19020;Lucca
19021;Lucca
19025;Lucca
19028;Lucca
19031;Lucca
19032;Lucca
19033;Lucca
19034;Lucca
19037;Lucca
19038;Lucca
19100;Lucca
19121;Lucca
19122;Lucca
19123;Lucca
19124;Lucca
19125;Lucca
19126;Lucca
19127;Lucca
19128;Lucca
19129;Lucca
19130;Lucca
19131;Lucca
19132;Lucca
19133;Lucca
19134;Lucca
19135;Lucca
19136;Lucca
19137;Lucca
20001;Milano Ovest
20002;Milano Ovest
20003;Milano Ovest
20004;Milano Ovest
20005;Milano Ovest
20006;Milano Ovest
20007;Milano Ovest
20008;Milano Ovest
20009;Milano Ovest
20010;Milano Ovest
20011;Milano Sud
20012;Milano Ovest
20013;Milano Sud
20014;Milano Ovest
20015;Milano Ovest
20016;Milano Ovest
20017;Milano Ovest
20018;Milano Ovest
20019;Milano Ovest
20020;Milano Ovest
20021;Milano Nord
20022;Milano Ovest
20023;Milano Ovest
20024;Milano Ovest
20025;Milano Ovest
20026;Milano Nord
20027;Milano Ovest
20028;Milano Ovest
20029;Milano Ovest
20030;Milano Nord
20031;Milano Nord
20032;Milano Nord
20033;Milano Nord
20034;Milano Ovest
20035;Milano Ovest
20036;Milano Ovest
20037;Milano Nord
20038;Milano Ovest
20039;Milano Ovest
20040;Milano Est
20041;Milano Est
20042;Milano Est
20043;Milano Ovest
20044;Milano Ovest
20045;Milano Ovest
20046;Milano Sud
20047;Milano Sud
20048;Milano Est
20049;Milano Est
20050;Milano Est
20051;Milano Est
20052;Milano Est
20053;Milano Est
20054;Milano Est
20055;Milano Est
20056;Milano Est
20057;Milano Sud
20058;Milano Sud
20059;Milano Sud
20060;Milano Est
20061;Milano Est
20062;Milano Est
20063;Milano Est
20064;Milano Est
20065;Milano Est
20066;Milano Est
20067;Milano Est
20068;Milano Est
20069;Milano Est
20070;Milano Est
20071;Milano Sud
20072;Milano Sud
20073;Milano Sud
20074;Milano Sud
20075;Milano Est
20076;Milano Est
20077;Milano Sud
20078;Milano Sud
20079;Milano Sud
20080;Milano Sud
20081;Milano Sud
20082;Milano Sud
20083;Milano Sud
20084;Milano Sud
20085;Milano Sud
20086;Milano Sud
20087;Milano Sud
20088;Milano Sud
20089;Milano Sud
20090;Milano Sud
20091;Milano Nord
20092;Milano Nord
20093;Milano Est
20094;Milano Sud
20095;Milano Nord
20096;Milano Est
20097;Milano Sud
20098;Milano Sud
20099;Milano Nord
20100;Milano Nord
20121;Milano Sud
20122;Milano Sud
20123;Milano Sud
20124;Milano Nord
20125;Milano Nord
20126;Milano Nord
20127;Milano Est
20128;Milano Est
20129;Milano Est
20130;Milano Est
20131;Milano Est
20132;Milano Est
20133;Milano Est
20134;Milano Est
20135;Milano Est
20136;Milano Sud
20137;Milano Est
20138;Milano Est
20139;Milano Sud
20140;Milano Sud
20141;Milano Sud
20142;Milano Sud
20143;Milano Sud
20144;Milano Sud
20145;Milano Ovest
20146;Milano Sud
20147;Milano Sud
20148;Milano Ovest
20149;Milano Ovest
20150;Milano Nord
20151;Milano Ovest
20152;Milano Sud
20153;Milano Ovest
20154;Milano Nord
20155;Milano Nord
20156;Milano Ovest
20157;Milano Ovest
20158;Milano Nord
20159;Milano Nord
20160;Milano Nord
20161;Milano Nord
20162;Milano Nord
20811;Milano Nord
20812;Milano Nord
20813;Milano Nord
20814;Milano Nord
20815;Milano Nord
20816;Milano Nord
20821;Milano Nord
20822;Milano Nord
20823;Milano Nord
20824;Milano Nord
20825;Milano Nord
20826;Milano Nord
20831;Milano Nord
20832;Milano Nord
20833;Milano Nord
20834;Milano Nord
20835;Milano Nord
20836;Milano Nord
20837;Milano Nord
20838;Milano Nord
20841;Milano Nord
20842;Milano Nord
20843;Milano Nord
20844;Milano Nord
20845;Milano Nord
20846;Milano Nord
20847;Milano Nord
20851;Milano Nord
20852;Milano Nord
20853;Milano Nord
20854;Milano Nord
20855;Milano Nord
20856;Milano Nord
20857;Milano Nord
20861;Milano Est
20862;Milano Nord
20863;Milano Est
20864;Milano Est
20865;Milano Est
20866;Milano Est
20867;Milano Est
20871;Milano Est
20872;Milano Est
20873;Milano Est
20874;Milano Est
20875;Milano Est
20876;Milano Est
20877;Milano Est
20881;Milano Est
20882;Milano Est
20883;Milano Est
20884;Milano Est
20885;Milano Est
20886;Milano Est
20900;Milano Nord
21010;Milano Ovest
21011;Milano Ovest
21012;Milano Ovest
21013;Milano Ovest
21014;Milano Ovest
21015;Milano Ovest
21016;Milano Ovest
21017;Milano Ovest
21018;Milano Ovest
21019;Milano Ovest
21020;Milano Ovest
21021;Milano Ovest
21022;Milano Ovest
21023;Milano Ovest
21024;Milano Ovest
21025;Milano Ovest
21026;Milano Ovest
21027;Milano Ovest
21028;Milano Ovest
21029;Milano Ovest
21030;Milano Ovest
21031;Milano Ovest
21032;Milano Ovest
21033;Milano Ovest
21034;Milano Ovest
21035;Milano Ovest
21036;Milano Ovest
21037;Milano Ovest
21038;Milano Ovest
21039;Milano Ovest
21040;Milano Ovest
21041;Milano Ovest
21042;Milano Ovest
21043;Milano Ovest
21044;Milano Ovest
21045;Milano Ovest
21046;Milano Ovest
21047;Milano Ovest
21048;Milano Ovest
21049;Milano Ovest
21050;Milano Ovest
21051;Milano Ovest
21052;Milano Ovest
21053;Milano Ovest
21054;Milano Ovest
21055;Milano Ovest
21056;Milano Ovest
21057;Milano Ovest
21058;Milano Ovest
21059;Milano Ovest
21061;Milano Ovest
21062;Milano Ovest
21100;Milano Ovest
22010;Milano Nord
22011;Milano Nord
22012;Milano Nord
22013;Milano Nord
22014;Milano Nord
22015;Milano Nord
22016;Milano Nord
22017;Milano Nord
22018;Milano Nord
22019;Milano Nord
22020;Milano Nord
22021;Lecco
22022;Milano Nord
22023;Milano Nord
22024;Milano Nord
22025;Lecco
22026;Milano Nord
22027;Milano Nord
22028;Milano Nord
22029;Milano Nord
22030;Lecco
22031;Lecco
22032;Lecco
22033;Lecco
22034;Milano Nord
22035;Lecco
22036;Lecco
22037;Lecco
22038;Milano Nord
22039;Lecco
22040;Lecco
22041;Milano Nord
22042;Milano Nord
22043;Milano Nord
22044;Lecco
22045;Lecco
22046;Lecco
22060;Milano Nord
22063;Milano Nord
22066;Milano Nord
22069;Milano Nord
22070;Milano Nord
22071;Milano Nord
22072;Milano Nord
22073;Milano Nord
22074;Milano Nord
22075;Milano Nord
22076;Milano Nord
22077;Milano Nord
22078;Milano Nord
22079;Milano Nord
22100;Milano Nord
23010;Sondrio
23011;Sondrio
23012;Sondrio
23013;Sondrio
23014;Sondrio
23015;Sondrio
23016;Sondrio
23017;Sondrio
23018;Sondrio
23019;Sondrio
23020;Sondrio
23021;Sondrio
23022;Sondrio
23023;Sondrio
23024;Sondrio
23025;Sondrio
23026;Sondrio
23027;Sondrio
23029;Sondrio
23030;Sondrio
23031;Sondrio
23032;Sondrio
23033;Sondrio
23034;Sondrio
23035;Sondrio
23036;Sondrio
23037;Sondrio
23038;Sondrio
23041;Sondrio
23100;Sondrio
23801;Lecco
23802;Lecco
23804;Lecco
23805;Lecco
23806;Lecco
23807;Lecco
23808;Lecco
23811;Lecco
23813;Lecco
23814;Lecco
23815;Lecco
23816;Lecco
23817;Lecco
23818;Lecco
23819;Lecco
23821;Lecco
23822;Lecco
23823;Sondrio
23824;Lecco
23825;Lecco
23826;Lecco
23827;Lecco
23828;Lecco
23829;Lecco
23831;Lecco
23832;Lecco
23833;Lecco
23834;Lecco
23835;Lecco
23836;Lecco
23837;Lecco
23838;Lecco
23841;Lecco
23842;Lecco
23843;Lecco
23844;Lecco
23845;Lecco
23846;Lecco
23847;Lecco
23848;Lecco
23849;Lecco
23851;Lecco
23852;Lecco
23854;Lecco
23855;Lecco
23856;Lecco
23857;Lecco
23861;Lecco
23862;Lecco
23864;Lecco
23865;Lecco
23867;Lecco
23868;Lecco
23870;Lecco
23871;Lecco
23873;Lecco
23874;Lecco
23875;Lecco
23876;Lecco
23877;Lecco
23878;Lecco
23879;Lecco
23880;Lecco
23881;Lecco
23883;Lecco
23884;Lecco
23885;Lecco
23886;Lecco
23887;Lecco
23888;Lecco
23889;Lecco
23890;Lecco
23891;Lecco
23892;Lecco
23893;Lecco
23894;Lecco
23895;Lecco
23896;Lecco
23897;Lecco
23898;Lecco
23899;Lecco
23900;Lecco
24010;Bergamo
24011;Bergamo
24012;Bergamo
24013;Bergamo
24014;Bergamo
24015;Bergamo
24016;Bergamo
24017;Bergamo
24018;Bergamo
24019;Bergamo
24020;Bergamo
24021;Bergamo
24022;Bergamo
24023;Bergamo
24024;Bergamo
24025;Bergamo
24026;Bergamo
24027;Bergamo
24028;Bergamo
24029;Bergamo
24030;Bergamo
24031;Bergamo
24032;Bergamo
24033;Bergamo
24034;Bergamo
24035;Bergamo
24036;Bergamo
24037;Bergamo
24038;Bergamo
24039;Bergamo
24040;Bergamo
24041;Bergamo
24042;Bergamo
24043;Bergamo
24044;Bergamo
24045;Bergamo
24046;Bergamo
24047;Bergamo
24048;Bergamo
24049;Bergamo
24050;Bergamo
24051;Bergamo
24052;Bergamo
24053;Bergamo
24054;Bergamo
24055;Bergamo
24056;Bergamo
24057;Bergamo
24058;Bergamo
24059;Bergamo
24060;Bergamo
24061;Bergamo
24062;Bergamo
24063;Bergamo
24064;Bergamo
24065;Bergamo
24066;Bergamo
24067;Bergamo
24068;Bergamo
24069;Bergamo
24085;Bergamo
24100;Bergamo
24121;Bergamo
24122;Bergamo
24123;Bergamo
24124;Bergamo
24125;Bergamo
24126;Bergamo
24127;Bergamo
24128;Bergamo
24129;Bergamo
25010;Brescia
25011;Brescia
25012;Brescia
25013;Brescia
25014;Brescia
25015;Brescia
25016;Brescia
25017;Brescia
25018;Brescia
25019;Brescia
25020;Brescia
25021;Brescia
25022;Brescia
25023;Brescia
25024;Brescia
25025;Brescia
25026;Brescia
25027;Brescia
25028;Brescia
25029;Brescia
25030;Brescia
25031;Brescia
25032;Brescia
25033;Brescia
25034;Brescia
25035;Brescia
25036;Brescia
25037;Brescia
25038;Brescia
25039;Brescia
25040;Brescia
25042;Brescia
25043;Brescia
25044;Brescia
25045;Brescia
25046;Brescia
25047;Brescia
25048;Brescia
25049;Brescia
25050;Brescia
25051;Brescia
25052;Brescia
25053;Brescia
25054;Brescia
25055;Brescia
25056;Brescia
25057;Brescia
25058;Brescia
25059;Brescia
25060;Brescia
25061;Brescia
25062;Brescia
25063;Brescia
25064;Brescia
25065;Brescia
25068;Brescia
25069;Brescia
25070;Brescia
25071;Brescia
25072;Brescia
25073;Brescia
25074;Brescia
25075;Brescia
25076;Brescia
25077;Brescia
25078;Brescia
25079;Brescia
25080;Brescia
25081;Brescia
25082;Brescia
25083;Brescia
25084;Brescia
25085;Brescia
25086;Brescia
25087;Brescia
25088;Brescia
25089;Brescia
25100;Brescia
25121;Brescia
25122;Brescia
25123;Brescia
25124;Brescia
25125;Brescia
25126;Brescia
25127;Brescia
25128;Brescia
25129;Brescia
25130;Brescia
25131;Brescia
25132;Brescia
25133;Brescia
25134;Brescia
25135;Brescia
25136;Brescia
26010;Brescia
26011;Brescia
26012;Brescia
26013;Brescia
26014;Brescia
26015;Brescia
26016;Milano Est
26017;Brescia
26018;Brescia
26019;Brescia
26020;Brescia
26021;Brescia
26022;Brescia
26023;Brescia
26024;Brescia
26025;Milano Est
26026;Brescia
26027;Milano Est
26028;Brescia
26029;Brescia
26030;Brescia
26031;Brescia
26032;Brescia
26033;Brescia
26034;Brescia
26035;Brescia
26036;Brescia
26037;Brescia
26038;Brescia
26039;Brescia
26040;Brescia
26041;Brescia
26042;Brescia
26043;Brescia
26044;Brescia
26045;Brescia
26046;Brescia
26047;Brescia
26048;Brescia
26049;Brescia
26100;Brescia
26811;Milano Est
26812;Milano Est
26813;Milano Est
26814;Milano Est
26815;Milano Est
26816;Milano Est
26817;Milano Est
26818;Milano Est
26821;Milano Est
26822;Milano Est
26823;Milano Est
26824;Milano Est
26825;Milano Est
26826;Milano Est
26827;Milano Est
26828;Milano Est
26831;Milano Est
26832;Milano Est
26833;Milano Est
26834;Milano Est
26835;Milano Est
26836;Milano Est
26837;Milano Est
26838;Milano Est
26839;Milano Est
26841;Milano Est
26842;Milano Est
26843;Milano Est
26844;Milano Est
26845;Milano Est
26846;Milano Est
26847;Milano Est
26848;Milano Est
26849;Milano Est
26851;Milano Est
26852;Milano Est
26853;Milano Est
26854;Milano Est
26855;Milano Est
26856;Milano Est
26857;Milano Est
26858;Milano Est
26859;Milano Est
26861;Milano Est
26862;Milano Est
26863;Milano Est
26864;Milano Est
26865;Milano Est
26866;Milano Est
26867;Milano Est
26900;Milano Est
27010;Milano Sud
27011;Milano Sud
27012;Milano Sud
27013;Milano Sud
27014;Milano Sud
27015;Milano Sud
27016;Milano Sud
27017;Milano Sud
27018;Milano Sud
27019;Milano Sud
27020;Milano Sud
27021;Milano Sud
27022;Milano Sud
27023;Milano Sud
27024;Milano Sud
27025;Milano Sud
27026;Milano Sud
27027;Milano Sud
27028;Milano Sud
27029;Milano Sud
27030;Milano Sud
27031;Milano Sud
27032;Milano Sud
27034;Milano Sud
27035;Milano Sud
27036;Milano Sud
27037;Milano Sud
27038;Milano Sud
27039;Milano Sud
27040;Milano Sud
27041;Milano Sud
27042;Milano Sud
27043;Milano Sud
27044;Milano Sud
27045;Milano Sud
27046;Milano Sud
27047;Milano Sud
27048;Milano Sud
27049;Milano Sud
27050;Milano Sud
27051;Milano Sud
27052;Milano Sud
27053;Milano Sud
27054;Milano Sud
27055;Milano Sud
27056;Milano Sud
27057;Milano Sud
27058;Milano Sud
27059;Milano Sud
27061;Milano Sud
27100;Milano Sud
28010;Milano Ovest
28011;Milano Ovest
28012;Milano Ovest
28013;Milano Ovest
28014;Milano Ovest
28015;Milano Ovest
28016;Milano Ovest
28017;Milano Ovest
28019;Milano Ovest
28021;Milano Ovest
28024;Milano Ovest
28028;Milano Ovest
28040;Milano Ovest
28041;Milano Ovest
28043;Milano Ovest
28045;Milano Ovest
28046;Milano Ovest
28047;Milano Ovest
28050;Milano Ovest
28053;Milano Ovest
28060;Milano Ovest
28061;Milano Ovest
28062;Milano Ovest
28064;Milano Ovest
28065;Milano Ovest
28066;Milano Ovest
28068;Milano Ovest
28069;Milano Ovest
28070;Milano Ovest
28071;Milano Ovest
28072;Milano Ovest
28073;Milano Ovest
28074;Milano Ovest
28075;Milano Ovest
28076;Milano Ovest
28077;Milano Ovest
28078;Milano Ovest
28079;Milano Ovest
28100;Milano Ovest
28801;Milano Ovest
28802;Milano Ovest
28803;Milano Ovest
28804;Milano Ovest
28805;Milano Ovest
28811;Milano Ovest
28812;Milano Ovest
28813;Milano Ovest
28814;Milano Ovest
28815;Milano Ovest
28816;Milano Ovest
28817;Milano Ovest
28818;Milano Ovest
28819;Milano Ovest
28821;Milano Ovest
28822;Milano Ovest
28823;Milano Ovest
28824;Milano Ovest
28825;Milano Ovest
28826;Milano Ovest
28827;Milano Ovest
28828;Milano Ovest
28831;Milano Ovest
28832;Milano Ovest
28833;Milano Ovest
28836;Milano Ovest
28838;Milano Ovest
28841;Milano Ovest
28842;Milano Ovest
28843;Milano Ovest
28844;Milano Ovest
28845;Milano Ovest
28846;Milano Ovest
28851;Milano Ovest
28852;Milano Ovest
28853;Milano Ovest
28854;Milano Ovest
28855;Milano Ovest
28856;Milano Ovest
28857;Milano Ovest
28858;Milano Ovest
28859;Milano Ovest
28861;Milano Ovest
28862;Milano Ovest
28863;Milano Ovest
28864;Milano Ovest
28865;Milano Ovest
28866;Milano Ovest
28868;Milano Ovest
28871;Milano Ovest
28873;Milano Ovest
28875;Milano Ovest
28876;Milano Ovest
28877;Milano Ovest
28879;Milano Ovest
28881;Milano Ovest
28883;Milano Ovest
28884;Milano Ovest
28885;Milano Ovest
28886;Milano Ovest
28887;Milano Ovest
28891;Milano Ovest
28893;Milano Ovest
28894;Milano Ovest
28895;Milano Ovest
28896;Milano Ovest
28897;Milano Ovest
28898;Milano Ovest
28899;Milano Ovest
28921;Milano Ovest
28922;Milano Ovest
28923;Milano Ovest
28924;Milano Ovest
28925;Milano Ovest
29010;Parma
29011;Parma
29012;Parma
29013;Parma
29014;Parma
29015;Parma
29016;Parma
29017;Parma
29018;Parma
29019;Parma
29020;Parma
29021;Parma
29022;Parma
29023;Parma
29024;Parma
29025;Parma
29026;Parma
29027;Parma
29028;Parma
29029;Parma
29031;Milano Sud
29100;Parma
29121;Parma
29122;Parma
30010;Venezia
30012;Venezia
30013;Venezia
30014;Venezia
30015;Venezia
30016;Venezia
30017;Venezia
30019;Venezia
30020;Venezia
30021;Venezia
30022;Venezia
30023;Venezia
30024;Venezia
30025;Venezia
30026;Venezia
30027;Venezia
30028;Venezia
30029;Venezia
30030;Venezia
30031;Venezia
30032;Venezia
30033;Venezia
30034;Venezia
30035;Venezia
30036;Venezia
30037;Venezia
30038;Venezia
30039;Venezia
30100;Venezia
30121;Venezia
30122;Venezia
30123;Venezia
30124;Venezia
30125;Venezia
30126;Venezia
30127;Venezia
30128;Venezia
30129;Venezia
30130;Venezia
30131;Venezia
30132;Venezia
30133;Venezia
30134;Venezia
30135;Venezia
30136;Venezia
30137;Venezia
30138;Venezia
30139;Venezia
30140;Venezia
30141;Venezia
30142;Venezia
30143;Venezia
30144;Venezia
30145;Venezia
30146;Venezia
30147;Venezia
30148;Venezia
30149;Venezia
30150;Venezia
30151;Venezia
30152;Venezia
30153;Venezia
30154;Venezia
30155;Venezia
30156;Venezia
30157;Venezia
30158;Venezia
30159;Venezia
30160;Venezia
30161;Venezia
30162;Venezia
30163;Venezia
30164;Venezia
30165;Venezia
30166;Venezia
30167;Venezia
30168;Venezia
30169;Venezia
30170;Venezia
30171;Venezia
30172;Venezia
30173;Venezia
30174;Venezia
30175;Venezia
30176;Venezia
31010;Treviso
31011;Treviso
31012;Treviso
31013;Treviso
31014;Treviso
31015;Treviso
31016;Treviso
31017;Treviso
31018;Treviso
31020;Treviso
31021;Treviso
31022;Treviso
31023;Treviso
31024;Treviso
31025;Treviso
31026;Treviso
31027;Treviso
31028;Treviso
31029;Treviso
31030;Treviso
31031;Treviso
31032;Treviso
31033;Treviso
31034;Treviso
31035;Treviso
31036;Treviso
31037;Treviso
31038;Treviso
31039;Treviso
31040;Treviso
31041;Treviso
31043;Treviso
31044;Treviso
31045;Treviso
31046;Treviso
31047;Treviso
31048;Treviso
31049;Treviso
31050;Treviso
31051;Treviso
31052;Treviso
31053;Treviso
31054;Treviso
31055;Treviso
31056;Treviso
31057;Treviso
31058;Treviso
31059;Treviso
31100;Treviso
32010;Treviso
32012;Treviso
32013;Treviso
32014;Treviso
32015;Treviso
32016;Treviso
32020;Treviso
32021;Treviso
32022;Treviso
32023;Treviso
32026;Treviso
32027;Treviso
32028;Treviso
32030;Treviso
32031;Treviso
32032;Treviso
32033;Treviso
32034;Treviso
32035;Treviso
32036;Treviso
32037;Treviso
32038;Treviso
32040;Treviso
32041;Treviso
32042;Treviso
32043;Bolzano
32044;Treviso
32045;Treviso
32046;Treviso
32047;Treviso
32100;Treviso
33010;Udine
33011;Udine
33012;Treviso
33013;Udine
33014;Udine
33015;Udine
33016;Udine
33017;Udine
33018;Udine
33019;Udine
33020;Udine
33021;Udine
33022;Udine
33023;Udine
33024;Udine
33025;Udine
33026;Udine
33027;Udine
33028;Udine
33029;Udine
33030;Udine
33031;Udine
33032;Udine
33033;Udine
33034;Udine
33035;Udine
33036;Udine
33037;Udine
33038;Udine
33039;Udine
33040;Udine
33041;Udine
33042;Udine
33043;Udine
33044;Udine
33045;Udine
33046;Udine
33047;Udine
33048;Udine
33049;Udine
33050;Udine
33051;Udine
33052;Udine
33053;Udine
33054;Udine
33055;Udine
33056;Udine
33057;Udine
33058;Udine
33059;Udine
33061;Udine
33070;Udine
33072;Udine
33074;Udine
33075;Udine
33076;Udine
33077;Udine
33078;Udine
33079;Udine
33080;Udine
33081;Udine
33082;Udine
33083;Udine
33084;Udine
33085;Udine
33086;Udine
33087;Udine
33090;Udine
33092;Udine
33094;Udine
33095;Udine
33097;Udine
33098;Udine
33099;Udine
33100;Udine
33170;Udine
34010;Udine
34011;Udine
34014;Udine
34015;Udine
34016;Udine
34018;Udine
34070;Udine
34071;Udine
34072;Udine
34073;Udine
34074;Udine
34075;Udine
34076;Udine
34077;Udine
34078;Udine
34079;Udine
34100;Udine
34121;Udine
34122;Udine
34123;Udine
34124;Udine
34125;Udine
34126;Udine
34127;Udine
34128;Udine
34129;Udine
34130;Udine
34131;Udine
34132;Udine
34133;Udine
34134;Udine
34135;Udine
34136;Udine
34137;Udine
34138;Udine
34139;Udine
34140;Udine
34141;Udine
34142;Udine
34143;Udine
34144;Udine
34145;Udine
34146;Udine
34147;Udine
34148;Udine
34149;Udine
34150;Udine
34151;Udine
34170;Udine
35010;Padova
35011;Padova
35012;Padova
35013;Padova
35014;Padova
35015;Padova
35016;Padova
35017;Padova
35018;Padova
35019;Padova
35020;Padova
35021;Padova
35022;Padova
35023;Padova
35024;Padova
35025;Padova
35026;Padova
35027;Padova
35028;Padova
35029;Padova
35030;Padova
35031;Padova
35032;Padova
35033;Padova
35034;Padova
35035;Padova
35036;Padova
35037;Padova
35038;Padova
35040;Padova
35041;Padova
35042;Padova
35043;Padova
35044;Padova
35045;Padova
35046;Padova
35047;Padova
35048;Padova
35100;Padova
35121;Padova
35122;Padova
35123;Padova
35124;Padova
35125;Padova
35126;Padova
35127;Padova
35128;Padova
35129;Padova
35130;Padova
35131;Padova
35132;Padova
35133;Padova
35134;Padova
35135;Padova
35136;Padova
35137;Padova
35138;Padova
35139;Padova
35140;Padova
35141;Padova
35142;Padova
35143;Padova
36010;Padova
36011;Padova
36012;Padova
36013;Padova
36014;Padova
36015;Padova
36016;Padova
36020;Padova
36021;Padova
36022;Padova
36023;Padova
36024;Padova
36025;Padova
36026;Padova
36027;Padova
36028;Padova
36029;Padova
36030;Padova
36031;Padova
36032;Padova
36033;Padova
36034;Padova
36035;Padova
36036;Padova
36040;Padova
36042;Padova
36043;Padova
36044;Padova
36045;Padova
36046;Padova
36047;Padova
36048;Padova
36050;Padova
36051;Padova
36052;Padova
36053;Padova
36054;Padova
36055;Padova
36056;Padova
36057;Padova
36060;Padova
36061;Padova
36062;Padova
36063;Padova
36064;Padova
36065;Padova
36066;Padova
36070;Padova
36071;Padova
36072;Padova
36073;Padova
36075;Padova
36076;Padova
36077;Padova
36078;Padova
36100;Padova
37010;Verona
37011;Verona
37012;Verona
37013;Verona
37014;Verona
37015;Verona
37016;Verona
37017;Verona
37018;Verona
37019;Verona
37020;Verona
37021;Verona
37022;Verona
37023;Verona
37024;Verona
37025;Verona
37026;Verona
37028;Verona
37029;Verona
37030;Verona
37031;Verona
37032;Verona
37033;Verona
37035;Verona
37036;Verona
37038;Verona
37039;Verona
37040;Verona
37041;Verona
37042;Verona
37043;Verona
37044;Verona
37045;Verona
37046;Verona
37047;Verona
37049;Verona
37050;Verona
37051;Verona
37052;Verona
37053;Verona
37054;Verona
37055;Verona
37056;Verona
37057;Verona
37058;Verona
37059;Verona
37060;Verona
37061;Verona
37062;Verona
37063;Verona
37064;Verona
37066;Verona
37067;Verona
37068;Verona
37069;Verona
37100;Verona
37121;Verona
37122;Verona
37123;Verona
37124;Verona
37125;Verona
37126;Verona
37127;Verona
37128;Verona
37129;Verona
37130;Verona
37131;Verona
37132;Verona
37133;Verona
37134;Verona
37135;Verona
37136;Verona
37137;Verona
37138;Verona
37139;Verona
37140;Verona
37141;Verona
37142;Verona
38010;Trento
38011;Trento
38012;Trento
38013;Trento
38015;Trento
38016;Trento
38017;Trento
38018;Trento
38019;Trento
38020;Trento
38021;Trento
38022;Trento
38023;Trento
38024;Trento
38025;Trento
38026;Trento
38027;Trento
38028;Trento
38029;Trento
38030;Bolzano
38031;Bolzano
38032;Bolzano
38033;Bolzano
38034;Trento
38035;Bolzano
38036;Bolzano
38037;Bolzano
38038;Bolzano
38039;Trento
38040;Bolzano
38041;Trento
38042;Trento
38043;Trento
38045;Trento
38046;Trento
38047;Trento
38048;Trento
38049;Trento
38050;Trento
38051;Trento
38052;Trento
38053;Trento
38054;Trento
38055;Trento
38056;Trento
38057;Trento
38059;Trento
38060;Trento
38061;Trento
38062;Trento
38063;Trento
38064;Trento
38065;Trento
38066;Trento
38067;Trento
38068;Trento
38069;Trento
38070;Trento
38071;Trento
38072;Trento
38073;Trento
38074;Trento
38075;Trento
38076;Trento
38077;Trento
38078;Trento
38079;Trento
38080;Trento
38081;Trento
38082;Trento
38083;Trento
38085;Trento
38086;Trento
38087;Trento
38088;Trento
38089;Trento
38091;Trento
38092;Trento
38093;Trento
38094;Trento
38095;Trento
38096;Trento
38097;Trento
38098;Trento
38099;Bolzano
38100;Trento
38121;Trento
38122;Trento
38123;Trento
39010;Bolzano
39011;Bolzano
39012;Bolzano
39013;Bolzano
39014;Bolzano
39015;Bolzano
39016;Bolzano
39017;Bolzano
39018;Bolzano
39019;Bolzano
39020;Bolzano
39021;Bolzano
39022;Bolzano
39023;Bolzano
39024;Bolzano
39025;Bolzano
39026;Bolzano
39027;Bolzano
39028;Bolzano
39029;Bolzano
39030;Bolzano
39031;Bolzano
39032;Bolzano
39033;Bolzano
39034;Bolzano
39035;Bolzano
39036;Bolzano
39037;Bolzano
39038;Bolzano
39039;Bolzano
39040;Bolzano
39041;Bolzano
39042;Bolzano
39043;Bolzano
39044;Bolzano
39045;Bolzano
39046;Bolzano
39047;Bolzano
39048;Bolzano
39049;Bolzano
39050;Bolzano
39051;Bolzano
39052;Bolzano
39053;Bolzano
39054;Bolzano
39055;Bolzano
39056;Bolzano
39057;Bolzano
39058;Bolzano
39100;Bolzano
40010;Bologna
40011;Bologna
40012;Bologna
40013;Bologna
40014;Bologna
40015;Bologna
40016;Bologna
40017;Bologna
40018;Bologna
40019;Bologna
40020;Bologna
40021;Bologna
40022;Bologna
40023;Bologna
40024;Bologna
40025;Bologna
40026;Bologna
40027;Bologna
40030;Bologna
40032;Bologna
40033;Bologna
40034;Bologna
40035;Bologna
40036;Bologna
40037;Bologna
40038;Bologna
40040;Bologna
40041;Bologna
40042;Bologna
40043;Bologna
40044;Bologna
40045;Bologna
40046;Bologna
40048;Bologna
40050;Bologna
40051;Bologna
40052;Bologna
40053;Bologna
40054;Bologna
40055;Bologna
40056;Bologna
40057;Bologna
40059;Bologna
40060;Bologna
40061;Bologna
40062;Bologna
40063;Bologna
40064;Bologna
40065;Bologna
40066;Bologna
40067;Bologna
40068;Bologna
40069;Bologna
40100;Bologna
40121;Bologna
40122;Bologna
40123;Bologna
40124;Bologna
40125;Bologna
40126;Bologna
40127;Bologna
40128;Bologna
40129;Bologna
40130;Bologna
40131;Bologna
40132;Bologna
40133;Bologna
40134;Bologna
40135;Bologna
40136;Bologna
40137;Bologna
40138;Bologna
40139;Bologna
40140;Bologna
40141;Bologna
41010;Sassuolo
41011;Sassuolo
41012;Sassuolo
41013;Bologna
41014;Sassuolo
41015;Bologna
41016;Sassuolo
41017;Bologna
41018;Bologna
41019;Sassuolo
41020;Sassuolo
41021;Sassuolo
41022;Sassuolo
41023;Sassuolo
41025;Sassuolo
41026;Sassuolo
41027;Sassuolo
41028;Sassuolo
41029;Sassuolo
41030;Sassuolo
41031;Bologna
41032;Sassuolo
41033;Sassuolo
41034;Bologna
41036;Sassuolo
41037;Sassuolo
41038;Bologna
41039;Sassuolo
41040;Sassuolo
41042;Sassuolo
41043;Sassuolo
41044;Sassuolo
41045;Sassuolo
41046;Sassuolo
41048;Sassuolo
41049;Sassuolo
41051;Sassuolo
41052;Sassuolo
41053;Sassuolo
41054;Sassuolo
41055;Sassuolo
41056;Bologna
41057;Bologna
41058;Sassuolo
41059;Sassuolo
41100;Sassuolo
41121;Sassuolo
41122;Sassuolo
41123;Sassuolo
41124;Sassuolo
41125;Sassuolo
41126;Sassuolo
42010;Sassuolo
42011;Parma
42012;Parma
42013;Sassuolo
42014;Sassuolo
42015;Sassuolo
42016;Parma
42017;Parma
42018;Sassuolo
42019;Sassuolo
42020;Parma
42021;Sassuolo
42022;Parma
42023;Parma
42024;Parma
42025;Parma
42026;Parma
42027;Parma
42028;Parma
42030;Sassuolo
42031;Sassuolo
42032;Sassuolo
42033;Parma
42034;Sassuolo
42035;Parma
42037;Parma
42038;Sassuolo
42039;Sassuolo
42040;Parma
42041;Parma
42042;Parma
42043;Parma
42044;Parma
42045;Parma
42046;Parma
42047;Parma
42048;Sassuolo
42049;Parma
42100;Sassuolo
42121;Parma
42122;Sassuolo
42123;Parma
42124;Parma
43010;Parma
43011;Parma
43012;Parma
43013;Parma
43014;Parma
43015;Parma
43016;Parma
43017;Parma
43018;Parma
43019;Parma
43020;Parma
43021;Parma
43022;Parma
43024;Parma
43025;Parma
43028;Parma
43029;Parma
43030;Parma
43032;Parma
43033;Parma
43035;Parma
43036;Parma
43037;Parma
43038;Parma
43039;Parma
43040;Parma
43041;Parma
43042;Parma
43043;Parma
43044;Parma
43045;Parma
43046;Parma
43047;Parma
43049;Parma
43050;Parma
43051;Parma
43052;Parma
43053;Parma
43055;Parma
43056;Parma
43058;Parma
43059;Parma
43100;Parma
43121;Parma
43122;Parma
43123;Parma
43124;Parma
43125;Parma
43126;Parma
44011;Bologna
44012;Bologna
44015;Bologna
44019;Bologna
44020;Bologna
44021;Bologna
44022;Bologna
44023;Bologna
44025;Bologna
44026;Bologna
44027;Bologna
44028;Bologna
44030;Bologna
44032;Bologna
44033;Bologna
44034;Bologna
44035;Bologna
44037;Bologna
44039;Bologna
44041;Bologna
44042;Bologna
44043;Bologna
44047;Bologna
44049;Bologna
44121;Bologna
44122;Bologna
44123;Bologna
44124;Bologna
45010;Padova
45011;Padova
45012;Padova
45014;Padova
45015;Padova
45017;Padova
45018;Padova
45019;Padova
45020;Padova
45021;Padova
45022;Padova
45023;Padova
45024;Padova
45025;Padova
45026;Padova
45027;Padova
45030;Padova
45031;Padova
45032;Padova
45033;Padova
45034;Padova
45035;Padova
45036;Padova
45037;Padova
45038;Padova
45039;Padova
45100;Padova
46010;Verona
46011;Verona
46012;Verona
46013;Verona
46014;Verona
46017;Verona
46018;Verona
46019;Verona
46020;Verona
46021;Verona
46022;Verona
46023;Verona
46024;Verona
46025;Verona
46026;Verona
46027;Verona
46028;Verona
46029;Verona
46030;Verona
46031;Verona
46032;Verona
46033;Verona
46034;Verona
46035;Verona
46036;Verona
46037;Verona
46039;Verona
46040;Verona
46041;Verona
46042;Verona
46043;Verona
46044;Verona
46045;Verona
46046;Verona
46047;Verona
46048;Verona
46049;Verona
46051;Verona
46100;Verona
47010;Rimini
47011;Rimini
47012;Rimini
47013;Rimini
47014;Rimini
47015;Rimini
47016;Rimini
47017;Rimini
47018;Rimini
47019;Rimini
47020;Rimini
47021;Rimini
47022;Rimini
47023;Rimini
47025;Rimini
47027;Rimini
47028;Rimini
47030;Rimini
47032;Rimini
47034;Rimini
47035;Rimini
47039;Rimini
47042;Rimini
47043;Rimini
47121;Rimini
47122;Rimini
47521;Rimini
47811;Rimini
47812;Rimini
47813;Rimini
47814;Rimini
47821;Rimini
47822;Rimini
47824;Rimini
47825;Rimini
47826;Rimini
47827;Rimini
47832;Rimini
47833;Rimini
47834;Rimini
47835;Rimini
47836;Rimini
47837;Rimini
47838;Rimini
47841;Rimini
47842;Rimini
47843;Rimini
47852;Rimini
47853;Rimini
47854;Rimini
47855;Rimini
47861;Rimini
47862;Rimini
47863;Rimini
47864;Rimini
47865;Rimini
47866;Rimini
47867;Rimini
47890;Rimini
47900;Rimini
47921;Rimini
47922;Rimini
47923;Rimini
47924;Rimini
48010;Rimini
48011;Rimini
48012;Rimini
48013;Rimini
48014;Rimini
48015;Rimini
48017;Rimini
48018;Rimini
48020;Rimini
48022;Rimini
48023;Rimini
48024;Rimini
48025;Rimini
48026;Rimini
48027;Rimini
48031;Rimini
48032;Rimini
48033;Rimini
48034;Rimini
48100;Rimini
48121;Rimini
48122;Rimini
48123;Rimini
48124;Rimini
48125;Rimini
50011;Firenze
50012;Firenze
50013;Firenze
50014;Firenze
50015;Firenze
50018;Firenze
50019;Firenze
50020;Firenze
50021;Firenze
50022;Firenze
50023;Firenze
50025;Firenze
50026;Firenze
50028;Firenze
50029;Firenze
50030;Firenze
50031;Firenze
50032;Firenze
50033;Firenze
50034;Firenze
50035;Firenze
50036;Firenze
50037;Firenze
50038;Firenze
50039;Firenze
50041;Firenze
50050;Firenze
50051;Firenze
50052;Firenze
50053;Firenze
50054;Firenze
50055;Firenze
50056;Firenze
50058;Firenze
50059;Firenze
50060;Firenze
50062;Firenze
50063;Firenze
50064;Firenze
50065;Firenze
50066;Firenze
50067;Firenze
50068;Firenze
50069;Firenze
50100;Firenze
50121;Firenze
50122;Firenze
50123;Firenze
50124;Firenze
50125;Firenze
50126;Firenze
50127;Firenze
50128;Firenze
50129;Firenze
50130;Firenze
50131;Firenze
50132;Firenze
50133;Firenze
50134;Firenze
50135;Firenze
50136;Firenze
50137;Firenze
50138;Firenze
50139;Firenze
50140;Firenze
50141;Firenze
50142;Firenze
50143;Firenze
50144;Firenze
50145;Firenze
51010;Firenze
51011;Firenze
51013;Firenze
51015;Firenze
51016;Firenze
51017;Firenze
51018;Firenze
51019;Firenze
51020;Firenze
51021;Firenze
51022;Firenze
51024;Firenze
51028;Firenze
51030;Firenze
51031;Firenze
51034;Firenze
51035;Firenze
51036;Firenze
51037;Firenze
51039;Firenze
51100;Firenze
52010;Firenze
52011;Firenze
52014;Firenze
52015;Firenze
52016;Firenze
52017;Firenze
52018;Firenze
52019;Firenze
52020;Firenze
52021;Firenze
52022;Firenze
52024;Firenze
52025;Firenze
52026;Firenze
52027;Firenze
52028;Firenze
52029;Firenze
52031;Firenze
52032;Firenze
52033;Firenze
52035;Firenze
52036;Firenze
52037;Firenze
52038;Firenze
52041;Firenze
52043;Firenze
52044;Firenze
52045;Firenze
52046;Firenze
52047;Firenze
52048;Firenze
52100;Firenze
53011;Firenze
53012;Firenze
53013;Firenze
53014;Firenze
53015;Firenze
53016;Firenze
53017;Firenze
53018;Firenze
53019;Firenze
53020;Firenze
53021;Firenze
53022;Firenze
53023;Firenze
53024;Firenze
53025;Firenze
53026;Firenze
53027;Firenze
53030;Firenze
53031;Firenze
53034;Firenze
53035;Firenze
53036;Firenze
53037;Firenze
53040;Firenze
53041;Firenze
53042;Firenze
53043;Firenze
53045;Firenze
53047;Firenze
53048;Firenze
53049;Firenze
53100;Firenze
54010;Lucca
54011;Lucca
54012;Lucca
54013;Lucca
54014;Lucca
54015;Lucca
54016;Lucca
54021;Lucca
54023;Lucca
54026;Lucca
54027;Lucca
54028;Lucca
54029;Lucca
54033;Lucca
54035;Lucca
54036;Lucca
54037;Lucca
54038;Lucca
54100;Lucca
55010;Lucca
55011;Lucca
55012;Lucca
55014;Lucca
55015;Lucca
55016;Lucca
55018;Lucca
55019;Lucca
55020;Lucca
55021;Lucca
55022;Lucca
55023;Lucca
55025;Lucca
55027;Lucca
55030;Lucca
55031;Lucca
55032;Lucca
55033;Lucca
55034;Lucca
55035;Lucca
55036;Lucca
55038;Lucca
55039;Lucca
55040;Lucca
55041;Lucca
55042;Lucca
55044;Lucca
55045;Lucca
55047;Lucca
55049;Lucca
55051;Lucca
55054;Lucca
55064;Lucca
55100;Lucca
56010;Livorno
56011;Livorno
56012;Livorno
56013;Livorno
56017;Livorno
56018;Livorno
56019;Livorno
56020;Livorno
56021;Livorno
56022;Livorno
56023;Livorno
56024;Livorno
56025;Livorno
56028;Livorno
56029;Livorno
56030;Livorno
56031;Livorno
56032;Livorno
56033;Livorno
56034;Livorno
56035;Livorno
56036;Livorno
56037;Livorno
56038;Livorno
56040;Livorno
56041;Livorno
56042;Livorno
56043;Livorno
56045;Livorno
56046;Livorno
56048;Livorno
56100;Livorno
56121;Livorno
56122;Livorno
56123;Livorno
56124;Livorno
56125;Livorno
56126;Livorno
56127;Livorno
56128;Livorno
57010;Livorno
57011;Livorno
57012;Livorno
57013;Livorno
57014;Livorno
57016;Livorno
57017;Livorno
57018;Livorno
57020;Livorno
57021;Livorno
57022;Livorno
57023;Livorno
57024;Livorno
57025;Livorno
57027;Livorno
57028;Livorno
57030;Livorno
57031;Livorno
57032;Livorno
57033;Livorno
57034;Livorno
57036;Livorno
57037;Livorno
57038;Livorno
57039;Livorno
57100;Livorno
57121;Livorno
57122;Livorno
57123;Livorno
57124;Livorno
57125;Livorno
57126;Livorno
57127;Livorno
57128;Livorno
58010;Livorno
58011;Livorno
58012;Livorno
58014;Livorno
58015;Livorno
58017;Livorno
58019;Livorno
58020;Livorno
58022;Livorno
58023;Livorno
58024;Livorno
58025;Livorno
58026;Livorno
58031;Livorno
58033;Livorno
58034;Livorno
58036;Livorno
58037;Livorno
58038;Livorno
58042;Livorno
58043;Livorno
58044;Livorno
58045;Livorno
58051;Livorno
58053;Livorno
58054;Livorno
58055;Livorno
58100;Livorno
59013;Firenze
59015;Firenze
59016;Firenze
59021;Firenze
59024;Firenze
59025;Firenze
59026;Firenze
59028;Firenze
59100;Firenze
60010;Rimini
60011;Rimini
60012;Rimini
60013;Rimini
60015;Rimini
60018;Rimini
60019;Rimini
60020;Rimini
60021;Rimini
60022;Rimini
60024;Rimini
60025;Rimini
60026;Rimini
60027;Rimini
60030;Rimini
60031;Rimini
60033;Rimini
60034;Rimini
60035;Rimini
60036;Rimini
60037;Rimini
60038;Rimini
60039;Rimini
60040;Rimini
60041;Rimini
60043;Rimini
60044;Rimini
60048;Rimini
60100;Rimini
60121;Rimini
60122;Rimini
60123;Rimini
60124;Rimini
60125;Rimini
60126;Rimini
60127;Rimini
60128;Rimini
60129;Rimini
60130;Rimini
60131;Rimini
61010;Rimini
61011;Rimini
61012;Rimini
61013;Rimini
61014;Rimini
61020;Rimini
61021;Rimini
61022;Rimini
61023;Rimini
61024;Rimini
61025;Rimini
61026;Rimini
61028;Rimini
61029;Rimini
61030;Rimini
61032;Rimini
61033;Rimini
61034;Rimini
61036;Rimini
61037;Rimini
61038;Rimini
61039;Rimini
61040;Rimini
61041;Rimini
61042;Rimini
61043;Rimini
61044;Rimini
61045;Rimini
61046;Rimini
61047;Rimini
61048;Rimini
61049;Rimini
61100;Rimini
61121;Rimini
61122;Rimini
62010;Rimini
62011;Rimini
62012;Rimini
62014;Rimini
62015;Rimini
62017;Rimini
62018;Rimini
62019;Rimini
62020;Rimini
62021;Rimini
62022;Rimini
62024;Rimini
62025;Rimini
62026;Rimini
62027;Rimini
62028;Rimini
62029;Rimini
62031;Rimini
62032;Rimini
62034;Rimini
62035;Rimini
62036;Rimini
62038;Rimini
62039;Rimini
62100;Rimini
63012;Rimini
63013;Rimini
63016;Rimini
63017;Rimini
63029;Rimini
63039;Rimini
63043;Rimini
63044;Rimini
63061;Rimini
63062;Rimini
63063;Rimini
63065;Rimini
63067;Rimini
63068;Rimini
63069;Rimini
63071;Rimini
63072;Rimini
63073;Rimini
63075;Rimini
63076;Rimini
63077;Rimini
63078;Rimini
63079;Rimini
63081;Rimini
63082;Rimini
63083;Rimini
63084;Rimini
63085;Rimini
63086;Rimini
63087;Rimini
63088;Rimini
63091;Rimini
63092;Rimini
63093;Rimini
63094;Rimini
63095;Rimini
63100;Rimini
63811;Rimini
63812;Rimini
63813;Rimini
63814;Rimini
63815;Rimini
63816;Rimini
63821;Rimini
63823;Rimini
63825;Rimini
63826;Rimini
63828;Rimini
63831;Rimini
63832;Rimini
63833;Rimini
63834;Rimini
63835;Rimini
63836;Rimini
63837;Rimini
63839;Rimini
63841;Rimini
63842;Rimini
63843;Rimini
63844;Rimini
63845;Rimini
63846;Rimini
63847;Rimini
63848;Rimini
63851;Rimini
63852;Rimini
63853;Rimini
63854;Rimini
63855;Rimini
63856;Rimini
63857;Rimini
63900;Rimini
64010;Roma Nomentana
64011;Roma Nomentana
64012;Roma Nomentana
64013;Roma Nomentana
64014;Roma Nomentana
64015;Roma Nomentana
64016;Roma Nomentana
64018;Roma Nomentana
64020;Roma Nomentana
64021;Roma Nomentana
64023;Roma Nomentana
64024;Roma Nomentana
64025;Roma Nomentana
64026;Roma Nomentana
64027;Roma Nomentana
64028;Roma Nomentana
64030;Roma Nomentana
64031;Roma Nomentana
64032;Roma Nomentana
64033;Roma Nomentana
64034;Roma Nomentana
64035;Roma Nomentana
64036;Roma Nomentana
64037;Roma Nomentana
64039;Roma Nomentana
64040;Roma Nomentana
64041;Roma Nomentana
64042;Roma Nomentana
64043;Roma Nomentana
64044;Roma Nomentana
64045;Roma Nomentana
64046;Roma Nomentana
64047;Roma Nomentana
64049;Roma Nomentana
64100;Roma Nomentana
65010;Roma Nomentana
65011;Roma Nomentana
65012;Roma Nomentana
65013;Roma Nomentana
65014;Roma Nomentana
65015;Roma Nomentana
65017;Roma Nomentana
65019;Roma Nomentana
65020;Roma Nomentana
65022;Roma Nomentana
65023;Roma Nomentana
65024;Roma Nomentana
65025;Roma Nomentana
65026;Roma Nomentana
65027;Roma Nomentana
65028;Roma Nomentana
65029;Roma Nomentana
65100;Roma Nomentana
65121;Roma Nomentana
65122;Roma Nomentana
65123;Roma Nomentana
65124;Roma Nomentana
65125;Roma Nomentana
65126;Roma Nomentana
65127;Roma Nomentana
65128;Roma Nomentana
65129;Roma Nomentana
66010;Roma Nomentana
66011;Roma Nomentana
66012;Roma Nomentana
66014;Roma Nomentana
66015;Roma Nomentana
66016;Roma Nomentana
66017;Roma Nomentana
66018;Roma Nomentana
66019;Roma Nomentana
66020;Roma Nomentana
66021;Roma Nomentana
66022;Roma Nomentana
66023;Roma Nomentana
66026;Roma Nomentana
66030;Roma Nomentana
66031;Roma Nomentana
66032;Roma Nomentana
66033;Roma Nomentana
66034;Roma Nomentana
66036;Roma Nomentana
66037;Roma Nomentana
66038;Roma Nomentana
66040;Roma Nomentana
66041;Roma Nomentana
66042;Roma Nomentana
66043;Roma Nomentana
66044;Roma Nomentana
66045;Roma Nomentana
66046;Roma Nomentana
66047;Roma Nomentana
66050;Roma Nomentana
66051;Roma Nomentana
66052;Roma Nomentana
66054;Roma Nomentana
66100;Roma Nomentana
67010;Roma Nomentana
67012;Roma Nomentana
67013;Roma Nomentana
67014;Roma Nomentana
67015;Roma Nomentana
67017;Roma Nomentana
67019;Roma Nomentana
67020;Roma Nomentana
67021;Roma Nomentana
67022;Roma Nomentana
67023;Roma Nomentana
67024;Roma Nomentana
67025;Roma Nomentana
67026;Roma Nomentana
67027;Roma Nomentana
67028;Roma Nomentana
67029;Roma Nomentana
67030;Roma Nomentana
67031;Roma Nomentana
67032;Roma Nomentana
67033;Roma Nomentana
67034;Roma Nomentana
67035;Roma Nomentana
67036;Roma Nomentana
67037;Roma Nomentana
67038;Roma Nomentana
67039;Roma Nomentana
67040;Roma Nomentana
67041;Roma Nomentana
67043;Roma Nomentana
67044;Roma Nomentana
67045;Roma Nomentana
67046;Roma Nomentana
67047;Roma Nomentana
67048;Roma Nomentana
67049;Roma Nomentana
67050;Roma Nomentana
67051;Roma Nomentana
67052;Roma Nomentana
67053;Roma Nomentana
67054;Roma Nomentana
67055;Roma Nomentana
67056;Roma Nomentana
67057;Roma Nomentana
67058;Roma Nomentana
67059;Roma Nomentana
67060;Roma Nomentana
67061;Roma Nomentana
67062;Roma Nomentana
67063;Roma Nomentana
67064;Roma Nomentana
67066;Roma Nomentana
67067;Roma Nomentana
67068;Roma Nomentana
67069;Roma Nomentana
67100;Roma Nomentana
70010;Bari
70011;Bari
70013;Bari
70014;Bari
70015;Bari
70016;Bari
70017;Bari
70018;Bari
70019;Bari
70020;Bari
70021;Bari
70022;Bari
70023;Bari
70024;Bari
70025;Bari
70026;Bari
70027;Bari
70028;Bari
70029;Bari
70032;Bari
70033;Bari
70037;Bari
70038;Bari
70042;Bari
70043;Bari
70044;Bari
70051;Bari
70052;Bari
70054;Bari
70056;Bari
70057;Bari
70100;Bari
70121;Bari
70122;Bari
70123;Bari
70124;Bari
70125;Bari
70126;Bari
70127;Bari
70128;Bari
70129;Bari
70130;Bari
70131;Bari
70132;Bari
71010;Bari
71011;Bari
71012;Bari
71013;Bari
71014;Bari
71015;Bari
71016;Bari
71017;Bari
71018;Bari
71019;Bari
71020;Bari
71021;Bari
71022;Bari
71023;Bari
71024;Bari
71025;Bari
71026;Bari
71027;Bari
71028;Bari
71029;Bari
71030;Bari
71031;Bari
71032;Bari
71033;Bari
71034;Bari
71035;Bari
71036;Bari
71037;Bari
71038;Bari
71039;Bari
71040;Bari
71041;Bari
71042;Bari
71043;Bari
71045;Bari
71047;Bari
71048;Bari
71051;Bari
71121;Bari
71122;Bari
72012;Bari
72013;Bari
72014;Bari
72015;Bari
72017;Bari
72018;Bari
72019;Bari
72020;Bari
72021;Bari
72022;Bari
72023;Bari
72024;Bari
72025;Bari
72026;Bari
72027;Bari
72028;Bari
72029;Bari
72100;Bari
73010;Bari
73011;Bari
73012;Bari
73013;Bari
73014;Bari
73015;Bari
73016;Bari
73017;Bari
73018;Bari
73019;Bari
73020;Bari
73021;Bari
73022;Bari
73023;Bari
73024;Bari
73025;Bari
73026;Bari
73027;Bari
73028;Bari
73029;Bari
73030;Bari
73031;Bari
73032;Bari
73033;Bari
73034;Bari
73035;Bari
73036;Bari
73037;Bari
73038;Bari
73039;Bari
73040;Bari
73041;Bari
73042;Bari
73043;Bari
73044;Bari
73045;Bari
73046;Bari
73047;Bari
73048;Bari
73049;Bari
73050;Bari
73051;Bari
73052;Bari
73053;Bari
73054;Bari
73055;Bari
73056;Bari
73057;Bari
73058;Bari
73059;Bari
73100;Bari
74010;Bari
74011;Bari
74012;Bari
74013;Bari
74014;Bari
74015;Bari
74016;Bari
74017;Bari
74018;Bari
74019;Bari
74020;Bari
74021;Bari
74022;Bari
74023;Bari
74024;Bari
74025;Bari
74026;Bari
74027;Bari
74028;Bari
74100;Bari
74121;Bari
74122;Bari
74123;Bari
75010;Bari
75011;Bari
75012;Bari
75013;Bari
75014;Bari
75015;Bari
75016;Bari
75017;Bari
75018;Bari
75019;Bari
75020;Bari
75021;Bari
75022;Bari
75023;Bari
75024;Bari
75025;Bari
75026;Bari
75027;Bari
75028;Bari
75029;Bari
75100;Bari
76011;Bari
76012;Bari
76013;Bari
76014;Bari
76015;Bari
76016;Bari
76017;Bari
76121;Bari
76123;Bari
76125;Bari
80010;Napoli
80011;Napoli
80012;Napoli
80013;Napoli
80014;Napoli
80016;Napoli
80017;Napoli
80018;Napoli
80019;Napoli
80020;Napoli
80021;Napoli
80022;Napoli
80023;Napoli
80024;Napoli
80025;Napoli
80026;Napoli
80027;Napoli
80028;Napoli
80029;Napoli
80030;Napoli
80031;Napoli
80032;Napoli
80033;Napoli
80034;Napoli
80035;Napoli
80036;Napoli
80038;Napoli
80039;Napoli
80040;Napoli
80041;Napoli
80042;Napoli
80044;Napoli
80045;Napoli
80046;Napoli
80047;Napoli
80048;Napoli
80049;Napoli
80050;Napoli
80051;Napoli
80053;Napoli
80054;Napoli
80055;Napoli
80056;Napoli
80057;Napoli
80058;Napoli
80059;Napoli
80061;Napoli
80062;Napoli
80063;Napoli
80065;Napoli
80067;Napoli
80069;Napoli
80070;Napoli
80071;Napoli
80072;Napoli
80073;Napoli
80074;Napoli
80075;Napoli
80076;Napoli
80077;Napoli
80078;Napoli
80079;Napoli
80081;Napoli
80100;Napoli
80121;Napoli
80122;Napoli
80123;Napoli
80124;Napoli
80125;Napoli
80126;Napoli
80127;Napoli
80128;Napoli
80129;Napoli
80130;Napoli
80131;Napoli
80132;Napoli
80133;Napoli
80134;Napoli
80135;Napoli
80136;Napoli
80137;Napoli
80138;Napoli
80139;Napoli
80140;Napoli
80141;Napoli
80142;Napoli
80143;Napoli
80144;Napoli
80145;Napoli
80146;Napoli
80147;Napoli
81010;Napoli
81011;Napoli
81012;Napoli
81013;Napoli
81014;Napoli
81016;Napoli
81017;Napoli
81020;Napoli
81021;Napoli
81022;Napoli
81023;Napoli
81024;Napoli
81025;Napoli
81027;Napoli
81028;Napoli
81030;Napoli
81031;Napoli
81032;Napoli
81033;Napoli
81034;Napoli
81035;Napoli
81036;Napoli
81037;Napoli
81038;Napoli
81039;Napoli
81040;Napoli
81041;Napoli
81042;Napoli
81043;Napoli
81044;Napoli
81046;Napoli
81047;Napoli
81049;Napoli
81050;Napoli
81051;Napoli
81052;Napoli
81053;Napoli
81054;Napoli
81055;Napoli
81056;Napoli
81057;Napoli
81058;Napoli
81059;Napoli
81100;Napoli
82010;Napoli
82011;Napoli
82013;Napoli
82014;Napoli
82015;Napoli
82016;Napoli
82017;Napoli
82018;Napoli
82019;Napoli
82020;Napoli
82021;Napoli
82022;Napoli
82023;Napoli
82024;Napoli
82025;Napoli
82026;Napoli
82027;Napoli
82028;Napoli
82029;Napoli
82030;Napoli
82031;Napoli
82032;Napoli
82033;Napoli
82034;Napoli
82036;Napoli
82037;Napoli
82038;Napoli
82100;Napoli
83010;Napoli
83011;Napoli
83012;Napoli
83013;Napoli
83014;Napoli
83015;Napoli
83016;Napoli
83017;Napoli
83018;Napoli
83020;Napoli
83021;Napoli
83022;Napoli
83023;Napoli
83024;Napoli
83025;Napoli
83026;Napoli
83027;Napoli
83028;Napoli
83029;Napoli
83030;Napoli
83031;Napoli
83032;Napoli
83034;Napoli
83035;Napoli
83036;Napoli
83037;Napoli
83038;Napoli
83039;Napoli
83040;Napoli
83041;Napoli
83042;Napoli
83043;Napoli
83044;Napoli
83045;Napoli
83046;Napoli
83047;Napoli
83048;Napoli
83049;Napoli
83050;Napoli
83051;Napoli
83052;Napoli
83053;Napoli
83054;Napoli
83055;Napoli
83056;Napoli
83057;Napoli
83058;Napoli
83059;Napoli
83100;Napoli
84010;SALERNO
84011;SALERNO
84012;SALERNO
84013;SALERNO
84014;SALERNO
84015;SALERNO
84016;SALERNO
84017;SALERNO
84018;SALERNO
84019;SALERNO
84020;SALERNO
84021;SALERNO
84022;SALERNO
84024;SALERNO
84025;SALERNO
84026;SALERNO
84027;SALERNO
84028;SALERNO
84029;SALERNO
84030;SALERNO
84031;SALERNO
84032;SALERNO
84033;SALERNO
84034;SALERNO
84035;SALERNO
84036;SALERNO
84037;SALERNO
84038;SALERNO
84039;SALERNO
84040;SALERNO
84042;SALERNO
84043;SALERNO
84044;SALERNO
84045;SALERNO
84046;SALERNO
84047;SALERNO
84048;SALERNO
84049;SALERNO
84050;SALERNO
84051;SALERNO
84052;SALERNO
84053;SALERNO
84055;SALERNO
84056;SALERNO
84057;SALERNO
84059;SALERNO
84060;SALERNO
84061;SALERNO
84062;SALERNO
84065;SALERNO
84066;SALERNO
84067;SALERNO
84068;SALERNO
84069;SALERNO
84070;SALERNO
84073;SALERNO
84074;SALERNO
84075;SALERNO
84076;SALERNO
84077;SALERNO
84078;SALERNO
84079;SALERNO
84080;SALERNO
84081;SALERNO
84082;SALERNO
84083;SALERNO
84084;SALERNO
84085;SALERNO
84086;SALERNO
84087;SALERNO
84088;SALERNO
84090;SALERNO
84091;SALERNO
84092;SALERNO
84095;SALERNO
84096;SALERNO
84098;SALERNO
84099;SALERNO
84100;SALERNO
84121;SALERNO
84122;SALERNO
84123;SALERNO
84124;SALERNO
84125;SALERNO
84126;SALERNO
84127;SALERNO
84128;SALERNO
84129;SALERNO
84130;SALERNO
84131;SALERNO
84132;SALERNO
84133;SALERNO
84134;SALERNO
84135;SALERNO
85010;SALERNO
85011;SALERNO
85012;SALERNO
85013;SALERNO
85014;SALERNO
85015;SALERNO
85016;SALERNO
85017;SALERNO
85018;SALERNO
85020;SALERNO
85021;SALERNO
85022;SALERNO
85023;SALERNO
85024;SALERNO
85025;SALERNO
85026;SALERNO
85027;SALERNO
85028;SALERNO
85029;SALERNO
85030;SALERNO
85031;SALERNO
85032;SALERNO
85033;SALERNO
85034;SALERNO
85035;SALERNO
85036;SALERNO
85037;SALERNO
85038;SALERNO
85039;SALERNO
85040;SALERNO
85042;SALERNO
85043;SALERNO
85044;SALERNO
85046;SALERNO
85047;SALERNO
85048;SALERNO
85049;SALERNO
85050;SALERNO
85051;SALERNO
85052;SALERNO
85053;SALERNO
85054;SALERNO
85055;SALERNO
85056;SALERNO
85057;SALERNO
85058;SALERNO
85059;SALERNO
85100;SALERNO
86010;Bari
86011;Bari
86012;Bari
86013;Bari
86014;Bari
86015;Bari
86016;Bari
86017;Bari
86018;Bari
86019;Bari
86020;Bari
86021;Bari
86022;Bari
86023;Bari
86024;Bari
86025;Bari
86026;Bari
86027;Bari
86028;Bari
86029;Bari
86030;Bari
86031;Bari
86032;Bari
86033;Bari
86034;Bari
86035;Bari
86036;Bari
86037;Bari
86038;Bari
86039;Bari
86040;Bari
86041;Bari
86042;Bari
86043;Bari
86044;Bari
86045;Bari
86046;Bari
86047;Bari
86048;Bari
86049;Bari
86070;Frosinone
86071;Frosinone
86072;Frosinone
86073;Frosinone
86074;Frosinone
86075;Frosinone
86077;Frosinone
86078;Frosinone
86079;Frosinone
86080;Frosinone
86081;Frosinone
86082;Frosinone
86083;Frosinone
86084;Frosinone
86085;Frosinone
86086;Frosinone
86087;Frosinone
86088;Frosinone
86089;Frosinone
86090;Frosinone
86091;Frosinone
86092;Frosinone
86093;Frosinone
86094;Frosinone
86095;Frosinone
86096;Frosinone
86097;Frosinone
86100;Bari
86170;Frosinone
87010;Cosenza
87011;Cosenza
87012;Cosenza
87013;Cosenza
87014;Cosenza
87015;Cosenza
87016;Cosenza
87017;Cosenza
87018;Cosenza
87019;Cosenza
87020;Cosenza
87021;Cosenza
87022;Cosenza
87023;Cosenza
87024;Cosenza
87026;Cosenza
87027;Cosenza
87028;Cosenza
87029;Cosenza
87030;Cosenza
87031;Cosenza
87032;Cosenza
87033;Cosenza
87034;Cosenza
87035;Cosenza
87036;Cosenza
87037;Cosenza
87038;Cosenza
87040;Cosenza
87041;Cosenza
87042;Cosenza
87043;Cosenza
87044;Cosenza
87045;Cosenza
87046;Cosenza
87047;Cosenza
87048;Cosenza
87050;Cosenza
87051;Cosenza
87053;Cosenza
87054;Cosenza
87055;Cosenza
87056;Cosenza
87057;Cosenza
87058;Cosenza
87059;Cosenza
87060;Cosenza
87061;Cosenza
87062;Cosenza
87064;Cosenza
87066;Cosenza
87067;Cosenza
87069;Cosenza
87070;Cosenza
87071;Cosenza
87072;Cosenza
87073;Cosenza
87074;Cosenza
87075;Cosenza
87076;Cosenza
87100;Cosenza
88020;Cosenza
88021;Cosenza
88022;Cosenza
88024;Cosenza
88025;Cosenza
88040;Cosenza
88041;Cosenza
88042;Cosenza
88044;Cosenza
88045;Cosenza
88046;Cosenza
88047;Cosenza
88049;Cosenza
88050;Cosenza
88051;Cosenza
88054;Cosenza
88055;Cosenza
88056;Cosenza
88060;Cosenza
88062;Cosenza
88064;Cosenza
88065;Cosenza
88067;Cosenza
88068;Cosenza
88069;Cosenza
88070;Cosenza
88100;Cosenza
88811;Cosenza
88812;Cosenza
88813;Cosenza
88814;Cosenza
88816;Cosenza
88817;Cosenza
88818;Cosenza
88819;Cosenza
88821;Cosenza
88822;Cosenza
88823;Cosenza
88824;Cosenza
88825;Cosenza
88831;Cosenza
88832;Cosenza
88833;Cosenza
88834;Cosenza
88835;Cosenza
88836;Cosenza
88837;Cosenza
88838;Cosenza
88841;Cosenza
88842;Cosenza
88900;Cosenza
89010;Cosenza
89011;Cosenza
89012;Cosenza
89013;Cosenza
89014;Cosenza
89015;Cosenza
89016;Cosenza
89017;Cosenza
89018;Cosenza
89020;Cosenza
89021;Cosenza
89022;Cosenza
89023;Cosenza
89024;Cosenza
89025;Cosenza
89026;Cosenza
89027;Cosenza
89028;Cosenza
89029;Cosenza
89030;Cosenza
89031;Cosenza
89032;Cosenza
89033;Cosenza
89034;Cosenza
89035;Cosenza
89036;Cosenza
89038;Cosenza
89039;Cosenza
89040;Cosenza
89041;Cosenza
89042;Cosenza
89043;Cosenza
89044;Cosenza
89045;Cosenza
89046;Cosenza
89047;Cosenza
89048;Cosenza
89049;Cosenza
89050;Cosenza
89052;Cosenza
89054;Cosenza
89056;Cosenza
89057;Cosenza
89058;Cosenza
89060;Cosenza
89063;Cosenza
89064;Cosenza
89065;Cosenza
89069;Cosenza
89079;Cosenza
89100;Cosenza
89121;Cosenza
89122;Cosenza
89123;Cosenza
89124;Cosenza
89125;Cosenza
89126;Cosenza
89127;Cosenza
89128;Cosenza
89129;Cosenza
89130;Cosenza
89131;Cosenza
89132;Cosenza
89133;Cosenza
89134;Cosenza
89135;Cosenza
89812;Cosenza
89813;Cosenza
89814;Cosenza
89815;Cosenza
89816;Cosenza
89817;Cosenza
89818;Cosenza
89819;Cosenza
89821;Cosenza
89822;Cosenza
89823;Cosenza
89824;Cosenza
89831;Cosenza
89832;Cosenza
89833;Cosenza
89834;Cosenza
89841;Cosenza
89842;Cosenza
89843;Cosenza
89844;Cosenza
89851;Cosenza
89852;Cosenza
89853;Cosenza
89861;Cosenza
89862;Cosenza
89863;Cosenza
89864;Cosenza
89866;Cosenza
89867;Cosenza
89868;Cosenza
89900;Cosenza
89938;Cosenza
90010;Catania
90011;Catania
90012;Catania
90013;Catania
90014;Catania
90015;Catania
90016;Catania
90017;Catania
90018;Catania
90019;Catania
90020;Catania
90021;Catania
90022;Catania
90023;Catania
90024;Catania
90025;Catania
90026;Catania
90027;Catania
90028;Catania
90029;Catania
90030;Catania
90031;Catania
90032;Catania
90033;Catania
90034;Catania
90035;Catania
90036;Catania
90037;Catania
90038;Catania
90039;Catania
90040;Catania
90041;Catania
90042;Catania
90043;Catania
90044;Catania
90045;Catania
90046;Catania
90047;Catania
90048;Catania
90049;Catania
90051;Catania
90121;Catania
90122;Catania
90123;Catania
90124;Catania
90125;Catania
90126;Catania
90127;Catania
90128;Catania
90129;Catania
90130;Catania
90131;Catania
90132;Catania
90133;Catania
90134;Catania
90135;Catania
90136;Catania
90137;Catania
90138;Catania
90139;Catania
90140;Catania
90141;Catania
90142;Catania
90143;Catania
90144;Catania
90145;Catania
90146;Catania
90147;Catania
90148;Catania
90149;Catania
90150;Catania
90151;Catania
91010;Catania
91011;Catania
91012;Catania
91013;Catania
91014;Catania
91015;Catania
91016;Catania
91017;Catania
91018;Catania
91019;Catania
91020;Catania
91021;Catania
91022;Catania
91023;Catania
91024;Catania
91025;Catania
91026;Catania
91027;Catania
91028;Catania
91029;Catania
91100;Catania
92010;Catania
92011;Catania
92012;Catania
92013;Catania
92014;Catania
92015;Catania
92016;Catania
92017;Catania
92018;Catania
92019;Catania
92020;Catania
92021;Catania
92022;Catania
92023;Catania
92024;Catania
92025;Catania
92026;Catania
92027;Catania
92028;Catania
92029;Catania
92031;Catania
92100;Catania
93010;Catania
93011;Catania
93012;Catania
93013;Catania
93014;Catania
93015;Catania
93016;Catania
93017;Catania
93018;Catania
93019;Catania
93100;Catania
94010;Catania
94011;Catania
94012;Catania
94013;Catania
94014;Catania
94015;Catania
94016;Catania
94017;Catania
94018;Catania
94019;Catania
94100;Catania
95010;Catania
95011;Catania
95012;Catania
95013;Catania
95014;Catania
95015;Catania
95016;Catania
95017;Catania
95018;Catania
95019;Catania
95020;Catania
95021;Catania
95022;Catania
95024;Catania
95025;Catania
95027;Catania
95028;Catania
95029;Catania
95030;Catania
95031;Catania
95032;Catania
95033;Catania
95034;Catania
95035;Catania
95036;Catania
95037;Catania
95038;Catania
95039;Catania
95040;Catania
95041;Catania
95042;Catania
95043;Catania
95044;Catania
95045;Catania
95046;Catania
95047;Catania
95048;Catania
95049;Catania
95100;Catania
95121;Catania
95122;Catania
95123;Catania
95124;Catania
95125;Catania
95126;Catania
95127;Catania
95128;Catania
95129;Catania
95130;Catania
95131;Catania
96010;Catania
96011;Catania
96012;Catania
96013;Catania
96014;Catania
96015;Catania
96016;Catania
96017;Catania
96018;Catania
96019;Catania
96100;Catania
97010;Catania
97011;Catania
97012;Catania
97013;Catania
97014;Catania
97015;Catania
97016;Catania
97017;Catania
97018;Catania
97019;Catania
97100;Catania
98020;Catania
98021;Catania
98022;Catania
98023;Catania
98025;Catania
98026;Catania
98027;Catania
98028;Catania
98029;Catania
98030;Catania
98031;Catania
98032;Catania
98033;Catania
98034;Catania
98035;Catania
98036;Catania
98037;Catania
98038;Catania
98039;Catania
98040;Catania
98041;Catania
98042;Catania
98043;Catania
98044;Catania
98045;Catania
98046;Catania
98047;Catania
98048;Catania
98049;Catania
98050;Catania
98051;Catania
98053;Catania
98054;Catania
98055;Catania
98056;Catania
98057;Catania
98058;Catania
98059;Catania
98060;Catania
98061;Catania
98062;Catania
98063;Catania
98064;Catania
98065;Catania
98066;Catania
98067;Catania
98068;Catania
98069;Catania
98070;Catania
98071;Catania
98072;Catania
98073;Catania
98074;Catania
98075;Catania
98076;Catania
98077;Catania
98078;Catania
98079;Catania
98121;Catania
98122;Catania
98123;Catania
98124;Catania
98125;Catania
98126;Catania
98127;Catania
98128;Catania
98129;Catania
98130;Catania
98131;Catania
98132;Catania
98133;Catania
98134;Catania
98135;Catania
98136;Catania
98137;Catania
98138;Catania
98139;Catania
98140;Catania
98141;Catania
98142;Catania
98143;Catania
98144;Catania
98145;Catania
98146;Catania
98147;Catania
98148;Catania
98149;Catania
98150;Catania
98151;Catania
98152;Catania
98153;Catania
98154;Catania
98155;Catania
98156;Catania
98157;Catania
98158;Catania
98159;Catania
98160;Catania
98161;Catania
98162;Catania
98163;Catania
98164;Catania
98165;Catania
98166;Catania
98167;Catania
98168;Catania
